INSERT INTO CAR(ID, MARK, MODEL, PRODUCTION_DATE_START, PRODUCTION_DATE_END) VALUES (1, 'AUDI', 'A6', '2000-01-01', '2020-01-30');
INSERT INTO CAR(ID, MARK, MODEL, PRODUCTION_DATE_START, PRODUCTION_DATE_END) VALUES (2, 'AUDI', 'A3', '2001-01-02', '2019-12-30');
INSERT INTO CAR(ID, MARK, MODEL, PRODUCTION_DATE_START, PRODUCTION_DATE_END) VALUES (3, 'AUDI', 'A4', '2002-03-01', '2019-11-30');
INSERT INTO CAR(ID, MARK, MODEL, PRODUCTION_DATE_START, PRODUCTION_DATE_END) VALUES (4, 'AUDI', 'A1', '2003-04-01', '2019-10-30');
INSERT INTO CAR(ID, MARK, MODEL, PRODUCTION_DATE_START, PRODUCTION_DATE_END) VALUES (5, 'AUDI', 'A7', '2004-05-01', '2019-09-30');
INSERT INTO CAR(ID, MARK, MODEL, PRODUCTION_DATE_START, PRODUCTION_DATE_END) VALUES (6, 'AUDI', 'Q7', '2005-06-01', '2019-08-30');
INSERT INTO CAR(ID, MARK, MODEL, PRODUCTION_DATE_START, PRODUCTION_DATE_END) VALUES (7, 'BMW', 'E60', '2000-01-01', '2020-01-30');
INSERT INTO CAR(ID, MARK, MODEL, PRODUCTION_DATE_START, PRODUCTION_DATE_END) VALUES (8, 'BMW', 'E61', '2001-02-01', '2019-01-30');
INSERT INTO CAR(ID, MARK, MODEL, PRODUCTION_DATE_START, PRODUCTION_DATE_END) VALUES (9, 'BMW', 'E39', '2002-03-01', '2019-01-30');
INSERT INTO CAR(ID, MARK, MODEL, PRODUCTION_DATE_START, PRODUCTION_DATE_END) VALUES (10, 'BMW', 'E34', '2003-04-01', '2019-01-30');
INSERT INTO CAR(ID, MARK, MODEL, PRODUCTION_DATE_START, PRODUCTION_DATE_END) VALUES (11, 'BMW', 'E28', '2004-05-01', '2019-01-30');
INSERT INTO CAR(ID, MARK, MODEL, PRODUCTION_DATE_START, PRODUCTION_DATE_END) VALUES (12, 'BMW', 'E17', '2005-06-01', '2019-01-30');
INSERT INTO CAR(ID, MARK, MODEL, PRODUCTION_DATE_START, PRODUCTION_DATE_END) VALUES (13, 'BMW', 'F06', '2006-07-01', '2020-03-30');
INSERT INTO CAR(ID, MARK, MODEL, PRODUCTION_DATE_START, PRODUCTION_DATE_END) VALUES (14, 'LEXUS', 'ES IV', '2006-07-01', '2020-03-30');
INSERT INTO CAR(ID, MARK, MODEL, PRODUCTION_DATE_START, PRODUCTION_DATE_END) VALUES (15, 'LEXUS', 'ES III', '2006-08-01', '2020-01-30');
INSERT INTO CAR(ID, MARK, MODEL, PRODUCTION_DATE_START, PRODUCTION_DATE_END) VALUES (16, 'LEXUS', 'GS III', '2006-09-01', '2020-03-30');
INSERT INTO CAR(ID, MARK, MODEL, PRODUCTION_DATE_START, PRODUCTION_DATE_END) VALUES (17, 'LEXUS', 'IS III', '2006-10-01', '2020-04-30');
INSERT INTO CAR(ID, MARK, MODEL, PRODUCTION_DATE_START, PRODUCTION_DATE_END) VALUES (18, 'TOYOTA', 'COROLLA', '2000-07-01', '2020-03-30');
INSERT INTO CAR(ID, MARK, MODEL, PRODUCTION_DATE_START, PRODUCTION_DATE_END) VALUES (19, 'TOYOTA', 'CAMRY', '2006-07-01', '2020-03-30');
INSERT INTO CAR(ID, MARK, MODEL, PRODUCTION_DATE_START, PRODUCTION_DATE_END) VALUES (20, 'MAZDA', '3', '2013-07-01', '2020-03-30');

INSERT INTO COMPONENT(ID, COMPONENT_NAME, DESCRIPTION_COMPONENT, COMPONENT_PRICE, ID_WAREHOUSE, ID_CAR) VALUES (1, 'CHLODNICA', 'KOMPLETNA CHŁODNICA', 500.00, 1, 1);
INSERT INTO COMPONENT(ID, COMPONENT_NAME, DESCRIPTION_COMPONENT, COMPONENT_PRICE, ID_WAREHOUSE, ID_CAR) VALUES (2, 'CHLODNICA', 'KOMPLETNA CHŁODNICA', 600.00, 2, 2);
INSERT INTO COMPONENT(ID, COMPONENT_NAME, DESCRIPTION_COMPONENT, COMPONENT_PRICE, ID_WAREHOUSE, ID_CAR) VALUES (3, 'CHLODNICA', 'KOMPLETNA CHŁODNICA', 700.00, 3, 3);
INSERT INTO COMPONENT(ID, COMPONENT_NAME, DESCRIPTION_COMPONENT, COMPONENT_PRICE, ID_WAREHOUSE, ID_CAR) VALUES (4, 'CHLODNICA', 'KOMPLETNA CHŁODNICA', 800.00, 4, 4);
INSERT INTO COMPONENT(ID, COMPONENT_NAME, DESCRIPTION_COMPONENT, COMPONENT_PRICE, ID_WAREHOUSE, ID_CAR) VALUES (5, 'CHLODNICA', 'KOMPLETNA CHŁODNICA', 900.00, 5, 5);
INSERT INTO COMPONENT(ID, COMPONENT_NAME, DESCRIPTION_COMPONENT, COMPONENT_PRICE, ID_WAREHOUSE, ID_CAR) VALUES (6, 'CHLODNICA', 'KOMPLETNA CHŁODNICA', 500.00, 6, 6);
INSERT INTO COMPONENT(ID, COMPONENT_NAME, DESCRIPTION_COMPONENT, COMPONENT_PRICE, ID_WAREHOUSE, ID_CAR) VALUES (7, 'CHLODNICA', 'KOMPLETNA CHŁODNICA', 600.00, 7, 7);
INSERT INTO COMPONENT(ID, COMPONENT_NAME, DESCRIPTION_COMPONENT, COMPONENT_PRICE, ID_WAREHOUSE, ID_CAR) VALUES (8, 'CHLODNICA', 'KOMPLETNA CHŁODNICA', 700.00, 8, 8);
INSERT INTO COMPONENT(ID, COMPONENT_NAME, DESCRIPTION_COMPONENT, COMPONENT_PRICE, ID_WAREHOUSE, ID_CAR) VALUES (9, 'CHLODNICA', 'KOMPLETNA CHŁODNICA', 800.00, 9, 9);
INSERT INTO COMPONENT(ID, COMPONENT_NAME, DESCRIPTION_COMPONENT, COMPONENT_PRICE, ID_WAREHOUSE, ID_CAR) VALUES (10, 'CHLODNICA', 'KOMPLETNA CHŁODNICA', 800.00, 10, 20);
INSERT INTO COMPONENT(ID, COMPONENT_NAME, DESCRIPTION_COMPONENT, COMPONENT_PRICE, ID_WAREHOUSE, ID_CAR) VALUES (11, 'FILTR PALIWA', 'ORYGINALNY FILTR PALIWA', 500.00, 11, 20);
INSERT INTO COMPONENT(ID, COMPONENT_NAME, DESCRIPTION_COMPONENT, COMPONENT_PRICE, ID_WAREHOUSE, ID_CAR) VALUES (12, 'FILTR PALIWA', 'ORYGINALNY FILTR PALIWA', 600.00, 12, 11);
INSERT INTO COMPONENT(ID, COMPONENT_NAME, DESCRIPTION_COMPONENT, COMPONENT_PRICE, ID_WAREHOUSE, ID_CAR) VALUES (13, 'FILTR PALIWA', 'ORYGINALNY FILTR PALIWA', 700.00, 13, 8);
INSERT INTO COMPONENT(ID, COMPONENT_NAME, DESCRIPTION_COMPONENT, COMPONENT_PRICE, ID_WAREHOUSE, ID_CAR) VALUES (14, 'FILTR PALIWA', 'ORYGINALNY FILTR PALIWA', 800.00, 14, 11);
INSERT INTO COMPONENT(ID, COMPONENT_NAME, DESCRIPTION_COMPONENT, COMPONENT_PRICE, ID_WAREHOUSE, ID_CAR) VALUES (15, 'FILTR PALIWA', 'ORYGINALNY FILTR PALIWA', 900.00, 15, 12);
INSERT INTO COMPONENT(ID, COMPONENT_NAME, DESCRIPTION_COMPONENT, COMPONENT_PRICE, ID_WAREHOUSE, ID_CAR) VALUES (16, 'FILTR PALIWA', 'ORYGINALNY FILTR PALIWA', 500.00, 16, 13);
INSERT INTO COMPONENT(ID, COMPONENT_NAME, DESCRIPTION_COMPONENT, COMPONENT_PRICE, ID_WAREHOUSE, ID_CAR) VALUES (17, 'FILTR PALIWA', 'ORYGINALNY FILTR PALIWA', 400.00, 17, 14);
INSERT INTO COMPONENT(ID, COMPONENT_NAME, DESCRIPTION_COMPONENT, COMPONENT_PRICE, ID_WAREHOUSE, ID_CAR) VALUES (18, 'FILTR PALIWA', 'ORYGINALNY FILTR PALIWA', 6500.00, 18, 15);
INSERT INTO COMPONENT(ID, COMPONENT_NAME, DESCRIPTION_COMPONENT, COMPONENT_PRICE, ID_WAREHOUSE, ID_CAR) VALUES (19, 'FILTR PALIWA', 'ORYGINALNY FILTR PALIWA', 5400.00, 19, 16);
INSERT INTO COMPONENT(ID, COMPONENT_NAME, DESCRIPTION_COMPONENT, COMPONENT_PRICE, ID_WAREHOUSE, ID_CAR) VALUES (20, 'FILTR PALIWA', 'ORYGINALNY FILTR PALIWA', 5400.00, 20, 17);
INSERT INTO COMPONENT(ID, COMPONENT_NAME, DESCRIPTION_COMPONENT, COMPONENT_PRICE, ID_WAREHOUSE, ID_CAR) VALUES (21, 'FILTR PALIWA', 'ORYGINALNY FILTR PALIWA', 5000.00, 21, 18);
INSERT INTO COMPONENT(ID, COMPONENT_NAME, DESCRIPTION_COMPONENT, COMPONENT_PRICE, ID_WAREHOUSE, ID_CAR) VALUES (22, 'FILTR PALIWA', 'ORYGINALNY FILTR PALIWA', 5070.00, 22, 19);

INSERT INTO WAREHOUSE(ID, COMPONENT_AVAILABILITY, SHIPPING_TIME) VALUES (1, TRUE, 10);
INSERT INTO WAREHOUSE(ID, COMPONENT_AVAILABILITY, SHIPPING_TIME) VALUES (2, TRUE, 11);
INSERT INTO WAREHOUSE(ID, COMPONENT_AVAILABILITY, SHIPPING_TIME) VALUES (3, TRUE, 1);
INSERT INTO WAREHOUSE(ID, COMPONENT_AVAILABILITY, SHIPPING_TIME) VALUES (4, TRUE, 1);
INSERT INTO WAREHOUSE(ID, COMPONENT_AVAILABILITY, SHIPPING_TIME) VALUES (5, TRUE, 1);
INSERT INTO WAREHOUSE(ID, COMPONENT_AVAILABILITY, SHIPPING_TIME) VALUES (6, TRUE, 1);
INSERT INTO WAREHOUSE(ID, COMPONENT_AVAILABILITY, SHIPPING_TIME) VALUES (7, TRUE, 10);
INSERT INTO WAREHOUSE(ID, COMPONENT_AVAILABILITY, SHIPPING_TIME) VALUES (8, TRUE, 1);
INSERT INTO WAREHOUSE(ID, COMPONENT_AVAILABILITY, SHIPPING_TIME) VALUES (9, TRUE, 10);
INSERT INTO WAREHOUSE(ID, COMPONENT_AVAILABILITY, SHIPPING_TIME) VALUES (10, TRUE, 10);
INSERT INTO WAREHOUSE(ID, COMPONENT_AVAILABILITY, SHIPPING_TIME) VALUES (11, TRUE, 12);
INSERT INTO WAREHOUSE(ID, COMPONENT_AVAILABILITY, SHIPPING_TIME) VALUES (12, TRUE, 11);
INSERT INTO WAREHOUSE(ID, COMPONENT_AVAILABILITY, SHIPPING_TIME) VALUES (13, TRUE, 1);
INSERT INTO WAREHOUSE(ID, COMPONENT_AVAILABILITY, SHIPPING_TIME) VALUES (14, TRUE, 1);
INSERT INTO WAREHOUSE(ID, COMPONENT_AVAILABILITY, SHIPPING_TIME) VALUES (15, TRUE, 2);
INSERT INTO WAREHOUSE(ID, COMPONENT_AVAILABILITY, SHIPPING_TIME) VALUES (16, TRUE, 13);
INSERT INTO WAREHOUSE(ID, COMPONENT_AVAILABILITY, SHIPPING_TIME) VALUES (17, TRUE, 11);
INSERT INTO WAREHOUSE(ID, COMPONENT_AVAILABILITY, SHIPPING_TIME) VALUES (18, TRUE, 10);
INSERT INTO WAREHOUSE(ID, COMPONENT_AVAILABILITY, SHIPPING_TIME) VALUES (19, TRUE, 12);
INSERT INTO WAREHOUSE(ID, COMPONENT_AVAILABILITY, SHIPPING_TIME) VALUES (20, TRUE, 12);

INSERT INTO SERVICE_ACTION(ID, ACTION_NAME, ACTION_START_DATE, ACTION_END_DATE, ID_COMPONENT) VALUES (1, 'WYMIANA CHLODNICY', '2020-07-01', '2020-11-30', 1);
INSERT INTO SERVICE_ACTION(ID, ACTION_NAME, ACTION_START_DATE, ACTION_END_DATE, ID_COMPONENT) VALUES (2, 'WYMIANA FILTRA PALIWA', '2020-08-01', '2020-11-30', 2);

INSERT INTO PRODUCT_FEATURE(ID, PRODUCT_FEATURE, ID_COMPONENT) VALUES (1, 'WZMOCNIONA', 1);
INSERT INTO PRODUCT_FEATURE(ID, PRODUCT_FEATURE, ID_COMPONENT) VALUES (2, 'POLECANA PRZEZ ZAKLADY NAPRAWCZE', 1);
INSERT INTO PRODUCT_FEATURE(ID, PRODUCT_FEATURE, ID_COMPONENT) VALUES (3, 'WZMOCNIONA', 2);
INSERT INTO PRODUCT_FEATURE(ID, PRODUCT_FEATURE, ID_COMPONENT) VALUES (4, 'POLECANA PRZEZ ZAKLADY NAPRAWCZE', 2);
